时间,任务,状态,分类,备注

==== 已完成的任务 ====,,,,
07:35,读取2026-03-24的OpenClaw配置优化会话,✅ 已完成,配置,找到完整会话记录
07:42,修复OpenClaw默认模型配置,✅ 已完成,配置,改为ollama-cloud/glm-5:cloud
07:47,验证昨天股票持仓数据,✅ 已完成,股票,"士兰微600460, 华联股份000882"
07:52,确认AI智能体执行流程,✅ 已完成,AI,Think → Code → Execute → Learn → Repeat
07:57,创建想法记录系统,✅ 已完成,系统,daily-ideas-2026-03-24.md
07:58,设置定期反馈机制,✅ 已完成,系统,HEARTBEAT.md
08:00,创建发音规则文件,✅ 已完成,系统,语音输入处理规范，闽南语发音特点
08:04,创建会话管理工具,✅ 已完成,系统,session-manager.sh
08:06,设置09:15集合竞价分析,✅ 已完成,股票,定时任务已创建
08:09,创建盘前数据分析脚本,✅ 已完成,股票,pre_market_analysis.py

==== 进行中的任务 ====,,,,
08:09,整理任务列表为Excel,🔄 进行中,系统,当前任务

==== 未完成的任务 ====,,,,
08:04,确认华联股份成本价,⏳ 未完成,股票,两个版本：¥2.90 vs ¥1.779
08:06,获取集合竞价数据,⏳ 未完成,股票,等待09:15执行
08:09,获取A50期指数据,⏳ 未完成,股票,接口失败，需修复
08:09,北向资金数据,⏳ 未完成,股票,未获取
08:09,龙虎榜数据,⏳ 未完成,股票,未获取

==== 统计 ====,,,,
已完成,10,个,,
进行中,1,个,,
未完成,5,个,,
总计,16,个,,
